,team,state,count
0,Atlanta Hawks,Alabama,5
1,Atlanta Hawks,Alaska,0
2,Atlanta Hawks,Arizona,1
3,Atlanta Hawks,Arkansas,0
4,Atlanta Hawks,California,4
5,Atlanta Hawks,Colorado,0
6,Atlanta Hawks,Connecticut,0
7,Atlanta Hawks,Delaware,0
8,Atlanta Hawks,Florida,1
9,Atlanta Hawks,Georgia,48
10,Atlanta Hawks,Hawaii,0
11,Atlanta Hawks,Idaho,0
12,Atlanta Hawks,Illinois,0
13,Atlanta Hawks,Indiana,0
14,Atlanta Hawks,Iowa,0
15,Atlanta Hawks,Kansas,0
16,Atlanta Hawks,Kentucky,0
17,Atlanta Hawks,Louisiana,0
18,Atlanta Hawks,Maine,0
19,Atlanta Hawks,Maryland,0
20,Atlanta Hawks,Massachusetts,2
21,Atlanta Hawks,Michigan,0
22,Atlanta Hawks,Minnesota,0
23,Atlanta Hawks,Mississippi,0
24,Atlanta Hawks,Missouri,0
25,Atlanta Hawks,Montana,0
26,Atlanta Hawks,Nebraska,0
27,Atlanta Hawks,Nevada,0
28,Atlanta Hawks,New Hampshire,0
29,Atlanta Hawks,New Jersey,0
30,Atlanta Hawks,New Mexico,0
31,Atlanta Hawks,New York,1
32,Atlanta Hawks,North Carolina,3
33,Atlanta Hawks,North Dakota,0
34,Atlanta Hawks,Ohio,1
35,Atlanta Hawks,Oklahoma,0
36,Atlanta Hawks,Oregon,1
37,Atlanta Hawks,Other,12
38,Atlanta Hawks,Pennsylvania,1
39,Atlanta Hawks,Rhode Island,0
40,Atlanta Hawks,South Carolina,1
41,Atlanta Hawks,South Dakota,0
42,Atlanta Hawks,Tennessee,2
43,Atlanta Hawks,Texas,1
44,Atlanta Hawks,Utah,0
45,Atlanta Hawks,Vermont,0
46,Atlanta Hawks,Virginia,0
47,Atlanta Hawks,Washington,2
48,Atlanta Hawks,West Virginia,1
49,Atlanta Hawks,Wisconsin,0
50,Atlanta Hawks,Wyoming,0
51,Boston Celtics,Alabama,1
52,Boston Celtics,Alaska,1
53,Boston Celtics,Arizona,1
54,Boston Celtics,Arkansas,0
55,Boston Celtics,California,21
56,Boston Celtics,Colorado,4
57,Boston Celtics,Connecticut,16
58,Boston Celtics,Delaware,1
59,Boston Celtics,Florida,8
60,Boston Celtics,Georgia,6
61,Boston Celtics,Hawaii,0
62,Boston Celtics,Idaho,2
63,Boston Celtics,Illinois,7
64,Boston Celtics,Indiana,3
65,Boston Celtics,Iowa,3
66,Boston Celtics,Kansas,2
67,Boston Celtics,Kentucky,8
68,Boston Celtics,Louisiana,0
69,Boston Celtics,Maine,15
70,Boston Celtics,Maryland,5
71,Boston Celtics,Massachusetts,182
72,Boston Celtics,Michigan,3
73,Boston Celtics,Minnesota,0
74,Boston Celtics,Mississippi,0
75,Boston Celtics,Missouri,1
76,Boston Celtics,Montana,0
77,Boston Celtics,Nebraska,4
78,Boston Celtics,Nevada,2
79,Boston Celtics,New Hampshire,10
80,Boston Celtics,New Jersey,13
81,Boston Celtics,New Mexico,0
82,Boston Celtics,New York,14
83,Boston Celtics,North Carolina,2
84,Boston Celtics,North Dakota,0
85,Boston Celtics,Ohio,2
86,Boston Celtics,Oklahoma,0
87,Boston Celtics,Oregon,1
88,Boston Celtics,Other,189
89,Boston Celtics,Pennsylvania,9
90,Boston Celtics,Rhode Island,8
91,Boston Celtics,South Carolina,2
92,Boston Celtics,South Dakota,0
93,Boston Celtics,Tennessee,2
94,Boston Celtics,Texas,9
95,Boston Celtics,Utah,2
96,Boston Celtics,Vermont,4
97,Boston Celtics,Virginia,7
98,Boston Celtics,Washington,4
99,Boston Celtics,West Virginia,1
100,Boston Celtics,Wisconsin,3
101,Boston Celtics,Wyoming,0
102,Brooklyn Nets,Alabama,0
103,Brooklyn Nets,Alaska,1
104,Brooklyn Nets,Arizona,0
105,Brooklyn Nets,Arkansas,0
106,Brooklyn Nets,California,3
107,Brooklyn Nets,Colorado,0
108,Brooklyn Nets,Connecticut,2
109,Brooklyn Nets,Delaware,0
110,Brooklyn Nets,Florida,0
111,Brooklyn Nets,Georgia,1
112,Brooklyn Nets,Hawaii,0
113,Brooklyn Nets,Idaho,0
114,Brooklyn Nets,Illinois,1
115,Brooklyn Nets,Indiana,0
116,Brooklyn Nets,Iowa,0
117,Brooklyn Nets,Kansas,1
118,Brooklyn Nets,Kentucky,0
119,Brooklyn Nets,Louisiana,0
120,Brooklyn Nets,Maine,0
121,Brooklyn Nets,Maryland,0
122,Brooklyn Nets,Massachusetts,3
123,Brooklyn Nets,Michigan,0
124,Brooklyn Nets,Minnesota,0
125,Brooklyn Nets,Mississippi,0
126,Brooklyn Nets,Missouri,0
127,Brooklyn Nets,Montana,0
128,Brooklyn Nets,Nebraska,1
129,Brooklyn Nets,Nevada,0
130,Brooklyn Nets,New Hampshire,0
131,Brooklyn Nets,New Jersey,20
132,Brooklyn Nets,New Mexico,0
133,Brooklyn Nets,New York,16
134,Brooklyn Nets,North Carolina,0
135,Brooklyn Nets,North Dakota,0
136,Brooklyn Nets,Ohio,0
137,Brooklyn Nets,Oklahoma,0
138,Brooklyn Nets,Oregon,0
139,Brooklyn Nets,Other,15
140,Brooklyn Nets,Pennsylvania,2
141,Brooklyn Nets,Rhode Island,0
142,Brooklyn Nets,South Carolina,0
143,Brooklyn Nets,South Dakota,1
144,Brooklyn Nets,Tennessee,3
145,Brooklyn Nets,Texas,4
146,Brooklyn Nets,Utah,0
147,Brooklyn Nets,Vermont,0
148,Brooklyn Nets,Virginia,1
149,Brooklyn Nets,Washington,0
150,Brooklyn Nets,West Virginia,0
151,Brooklyn Nets,Wisconsin,1
152,Brooklyn Nets,Wyoming,0
153,Charlotte Hornets,Alabama,1
154,Charlotte Hornets,Alaska,0
155,Charlotte Hornets,Arizona,0
156,Charlotte Hornets,Arkansas,0
157,Charlotte Hornets,California,0
158,Charlotte Hornets,Colorado,1
159,Charlotte Hornets,Connecticut,0
160,Charlotte Hornets,Delaware,0
161,Charlotte Hornets,Florida,0
162,Charlotte Hornets,Georgia,0
163,Charlotte Hornets,Hawaii,0
164,Charlotte Hornets,Idaho,0
165,Charlotte Hornets,Illinois,1
166,Charlotte Hornets,Indiana,0
167,Charlotte Hornets,Iowa,0
168,Charlotte Hornets,Kansas,0
169,Charlotte Hornets,Kentucky,0
170,Charlotte Hornets,Louisiana,0
171,Charlotte Hornets,Maine,1
172,Charlotte Hornets,Maryland,0
173,Charlotte Hornets,Massachusetts,0
174,Charlotte Hornets,Michigan,0
175,Charlotte Hornets,Minnesota,0
176,Charlotte Hornets,Mississippi,0
177,Charlotte Hornets,Missouri,0
178,Charlotte Hornets,Montana,0
179,Charlotte Hornets,Nebraska,0
180,Charlotte Hornets,Nevada,0
181,Charlotte Hornets,New Hampshire,0
182,Charlotte Hornets,New Jersey,2
183,Charlotte Hornets,New Mexico,0
184,Charlotte Hornets,New York,2
185,Charlotte Hornets,North Carolina,24
186,Charlotte Hornets,North Dakota,0
187,Charlotte Hornets,Ohio,0
188,Charlotte Hornets,Oklahoma,0
189,Charlotte Hornets,Oregon,0
190,Charlotte Hornets,Other,8
191,Charlotte Hornets,Pennsylvania,0
192,Charlotte Hornets,Rhode Island,0
193,Charlotte Hornets,South Carolina,2
194,Charlotte Hornets,South Dakota,0
195,Charlotte Hornets,Tennessee,0
196,Charlotte Hornets,Texas,2
197,Charlotte Hornets,Utah,0
198,Charlotte Hornets,Vermont,0
199,Charlotte Hornets,Virginia,2
200,Charlotte Hornets,Washington,0
201,Charlotte Hornets,West Virginia,1
202,Charlotte Hornets,Wisconsin,0
203,Charlotte Hornets,Wyoming,0
204,Chicago Bulls,Alabama,1
205,Chicago Bulls,Alaska,0
206,Chicago Bulls,Arizona,0
207,Chicago Bulls,Arkansas,0
208,Chicago Bulls,California,11
209,Chicago Bulls,Colorado,4
210,Chicago Bulls,Connecticut,2
211,Chicago Bulls,Delaware,0
212,Chicago Bulls,Florida,4
213,Chicago Bulls,Georgia,3
214,Chicago Bulls,Hawaii,1
215,Chicago Bulls,Idaho,0
216,Chicago Bulls,Illinois,137
217,Chicago Bulls,Indiana,7
218,Chicago Bulls,Iowa,4
219,Chicago Bulls,Kansas,2
220,Chicago Bulls,Kentucky,4
221,Chicago Bulls,Louisiana,0
222,Chicago Bulls,Maine,0
223,Chicago Bulls,Maryland,1
224,Chicago Bulls,Massachusetts,1
225,Chicago Bulls,Michigan,3
226,Chicago Bulls,Minnesota,0
227,Chicago Bulls,Mississippi,0
228,Chicago Bulls,Missouri,3
229,Chicago Bulls,Montana,2
230,Chicago Bulls,Nebraska,3
231,Chicago Bulls,Nevada,1
232,Chicago Bulls,New Hampshire,0
233,Chicago Bulls,New Jersey,3
234,Chicago Bulls,New Mexico,1
235,Chicago Bulls,New York,8
236,Chicago Bulls,North Carolina,3
237,Chicago Bulls,North Dakota,0
238,Chicago Bulls,Ohio,2
239,Chicago Bulls,Oklahoma,1
240,Chicago Bulls,Oregon,1
241,Chicago Bulls,Other,66
242,Chicago Bulls,Pennsylvania,3
243,Chicago Bulls,Rhode Island,0
244,Chicago Bulls,South Carolina,1
245,Chicago Bulls,South Dakota,0
246,Chicago Bulls,Tennessee,1
247,Chicago Bulls,Texas,3
248,Chicago Bulls,Utah,4
249,Chicago Bulls,Vermont,0
250,Chicago Bulls,Virginia,2
251,Chicago Bulls,Washington,4
252,Chicago Bulls,West Virginia,2
253,Chicago Bulls,Wisconsin,2
254,Chicago Bulls,Wyoming,0
255,Cleveland Cavaliers,Alabama,1
256,Cleveland Cavaliers,Alaska,0
257,Cleveland Cavaliers,Arizona,4
258,Cleveland Cavaliers,Arkansas,1
259,Cleveland Cavaliers,California,25
260,Cleveland Cavaliers,Colorado,3
261,Cleveland Cavaliers,Connecticut,0
262,Cleveland Cavaliers,Delaware,0
263,Cleveland Cavaliers,Florida,10
264,Cleveland Cavaliers,Georgia,6
265,Cleveland Cavaliers,Hawaii,1
266,Cleveland Cavaliers,Idaho,1
267,Cleveland Cavaliers,Illinois,9
268,Cleveland Cavaliers,Indiana,10
269,Cleveland Cavaliers,Iowa,3
270,Cleveland Cavaliers,Kansas,3
271,Cleveland Cavaliers,Kentucky,6
272,Cleveland Cavaliers,Louisiana,1
273,Cleveland Cavaliers,Maine,1
274,Cleveland Cavaliers,Maryland,4
275,Cleveland Cavaliers,Massachusetts,2
276,Cleveland Cavaliers,Michigan,4
277,Cleveland Cavaliers,Minnesota,5
278,Cleveland Cavaliers,Mississippi,0
279,Cleveland Cavaliers,Missouri,8
280,Cleveland Cavaliers,Montana,0
281,Cleveland Cavaliers,Nebraska,0
282,Cleveland Cavaliers,Nevada,1
283,Cleveland Cavaliers,New Hampshire,0
284,Cleveland Cavaliers,New Jersey,4
285,Cleveland Cavaliers,New Mexico,0
286,Cleveland Cavaliers,New York,12
287,Cleveland Cavaliers,North Carolina,7
288,Cleveland Cavaliers,North Dakota,0
289,Cleveland Cavaliers,Ohio,92
290,Cleveland Cavaliers,Oklahoma,1
291,Cleveland Cavaliers,Oregon,3
292,Cleveland Cavaliers,Other,147
293,Cleveland Cavaliers,Pennsylvania,8
294,Cleveland Cavaliers,Rhode Island,0
295,Cleveland Cavaliers,South Carolina,2
296,Cleveland Cavaliers,South Dakota,0
297,Cleveland Cavaliers,Tennessee,4
298,Cleveland Cavaliers,Texas,8
299,Cleveland Cavaliers,Utah,0
300,Cleveland Cavaliers,Vermont,0
301,Cleveland Cavaliers,Virginia,3
302,Cleveland Cavaliers,Washington,3
303,Cleveland Cavaliers,West Virginia,0
304,Cleveland Cavaliers,Wisconsin,1
305,Cleveland Cavaliers,Wyoming,1
306,Dallas Mavericks,Alabama,1
307,Dallas Mavericks,Alaska,2
308,Dallas Mavericks,Arizona,0
309,Dallas Mavericks,Arkansas,1
310,Dallas Mavericks,California,6
311,Dallas Mavericks,Colorado,1
312,Dallas Mavericks,Connecticut,0
313,Dallas Mavericks,Delaware,0
314,Dallas Mavericks,Florida,0
315,Dallas Mavericks,Georgia,0
316,Dallas Mavericks,Hawaii,0
317,Dallas Mavericks,Idaho,1
318,Dallas Mavericks,Illinois,0
319,Dallas Mavericks,Indiana,0
320,Dallas Mavericks,Iowa,1
321,Dallas Mavericks,Kansas,0
322,Dallas Mavericks,Kentucky,0
323,Dallas Mavericks,Louisiana,1
324,Dallas Mavericks,Maine,0
325,Dallas Mavericks,Maryland,0
326,Dallas Mavericks,Massachusetts,0
327,Dallas Mavericks,Michigan,1
328,Dallas Mavericks,Minnesota,0
329,Dallas Mavericks,Mississippi,0
330,Dallas Mavericks,Missouri,0
331,Dallas Mavericks,Montana,0
332,Dallas Mavericks,Nebraska,0
333,Dallas Mavericks,Nevada,0
334,Dallas Mavericks,New Hampshire,0
335,Dallas Mavericks,New Jersey,3
336,Dallas Mavericks,New Mexico,0
337,Dallas Mavericks,New York,6
338,Dallas Mavericks,North Carolina,1
339,Dallas Mavericks,North Dakota,1
340,Dallas Mavericks,Ohio,0
341,Dallas Mavericks,Oklahoma,0
342,Dallas Mavericks,Oregon,0
343,Dallas Mavericks,Other,54
344,Dallas Mavericks,Pennsylvania,0
345,Dallas Mavericks,Rhode Island,0
346,Dallas Mavericks,South Carolina,0
347,Dallas Mavericks,South Dakota,0
348,Dallas Mavericks,Tennessee,0
349,Dallas Mavericks,Texas,57
350,Dallas Mavericks,Utah,0
351,Dallas Mavericks,Vermont,0
352,Dallas Mavericks,Virginia,1
353,Dallas Mavericks,Washington,2
354,Dallas Mavericks,West Virginia,1
355,Dallas Mavericks,Wisconsin,1
356,Dallas Mavericks,Wyoming,0
357,Denver Nuggets,Alabama,1
358,Denver Nuggets,Alaska,0
359,Denver Nuggets,Arizona,0
360,Denver Nuggets,Arkansas,1
361,Denver Nuggets,California,3
362,Denver Nuggets,Colorado,35
363,Denver Nuggets,Connecticut,0
364,Denver Nuggets,Delaware,0
365,Denver Nuggets,Florida,0
366,Denver Nuggets,Georgia,0
367,Denver Nuggets,Hawaii,0
368,Denver Nuggets,Idaho,0
369,Denver Nuggets,Illinois,0
370,Denver Nuggets,Indiana,1
371,Denver Nuggets,Iowa,0
372,Denver Nuggets,Kansas,0
373,Denver Nuggets,Kentucky,0
374,Denver Nuggets,Louisiana,0
375,Denver Nuggets,Maine,0
376,Denver Nuggets,Maryland,0
377,Denver Nuggets,Massachusetts,1
378,Denver Nuggets,Michigan,0
379,Denver Nuggets,Minnesota,0
380,Denver Nuggets,Mississippi,0
381,Denver Nuggets,Missouri,0
382,Denver Nuggets,Montana,1
383,Denver Nuggets,Nebraska,1
384,Denver Nuggets,Nevada,0
385,Denver Nuggets,New Hampshire,0
386,Denver Nuggets,New Jersey,0
387,Denver Nuggets,New Mexico,0
388,Denver Nuggets,New York,0
389,Denver Nuggets,North Carolina,0
390,Denver Nuggets,North Dakota,0
391,Denver Nuggets,Ohio,0
392,Denver Nuggets,Oklahoma,0
393,Denver Nuggets,Oregon,0
394,Denver Nuggets,Other,25
395,Denver Nuggets,Pennsylvania,0
396,Denver Nuggets,Rhode Island,0
397,Denver Nuggets,South Carolina,0
398,Denver Nuggets,South Dakota,0
399,Denver Nuggets,Tennessee,0
400,Denver Nuggets,Texas,1
401,Denver Nuggets,Utah,0
402,Denver Nuggets,Vermont,0
403,Denver Nuggets,Virginia,1
404,Denver Nuggets,Washington,2
405,Denver Nuggets,West Virginia,0
406,Denver Nuggets,Wisconsin,0
407,Denver Nuggets,Wyoming,0
408,Detroit Pistons,Alabama,0
409,Detroit Pistons,Alaska,0
410,Detroit Pistons,Arizona,0
411,Detroit Pistons,Arkansas,1
412,Detroit Pistons,California,3
413,Detroit Pistons,Colorado,2
414,Detroit Pistons,Connecticut,0
415,Detroit Pistons,Delaware,0
416,Detroit Pistons,Florida,2
417,Detroit Pistons,Georgia,0
418,Detroit Pistons,Hawaii,0
419,Detroit Pistons,Idaho,0
420,Detroit Pistons,Illinois,6
421,Detroit Pistons,Indiana,1
422,Detroit Pistons,Iowa,0
423,Detroit Pistons,Kansas,0
424,Detroit Pistons,Kentucky,0
425,Detroit Pistons,Louisiana,0
426,Detroit Pistons,Maine,0
427,Detroit Pistons,Maryland,0
428,Detroit Pistons,Massachusetts,0
429,Detroit Pistons,Michigan,58
430,Detroit Pistons,Minnesota,0
431,Detroit Pistons,Mississippi,0
432,Detroit Pistons,Missouri,0
433,Detroit Pistons,Montana,0
434,Detroit Pistons,Nebraska,0
435,Detroit Pistons,Nevada,0
436,Detroit Pistons,New Hampshire,0
437,Detroit Pistons,New Jersey,0
438,Detroit Pistons,New Mexico,0
439,Detroit Pistons,New York,1
440,Detroit Pistons,North Carolina,1
441,Detroit Pistons,North Dakota,1
442,Detroit Pistons,Ohio,3
443,Detroit Pistons,Oklahoma,1
444,Detroit Pistons,Oregon,0
445,Detroit Pistons,Other,15
446,Detroit Pistons,Pennsylvania,1
447,Detroit Pistons,Rhode Island,0
448,Detroit Pistons,South Carolina,1
449,Detroit Pistons,South Dakota,0
450,Detroit Pistons,Tennessee,0
451,Detroit Pistons,Texas,1
452,Detroit Pistons,Utah,0
453,Detroit Pistons,Vermont,0
454,Detroit Pistons,Virginia,1
455,Detroit Pistons,Washington,1
456,Detroit Pistons,West Virginia,0
457,Detroit Pistons,Wisconsin,2
458,Detroit Pistons,Wyoming,0
459,Golden State Warriors,Alabama,0
460,Golden State Warriors,Alaska,1
461,Golden State Warriors,Arizona,2
462,Golden State Warriors,Arkansas,1
463,Golden State Warriors,California,385
464,Golden State Warriors,Colorado,1
465,Golden State Warriors,Connecticut,0
466,Golden State Warriors,Delaware,0
467,Golden State Warriors,Florida,7
468,Golden State Warriors,Georgia,2
469,Golden State Warriors,Hawaii,2
470,Golden State Warriors,Idaho,0
471,Golden State Warriors,Illinois,5
472,Golden State Warriors,Indiana,2
473,Golden State Warriors,Iowa,3
474,Golden State Warriors,Kansas,2
475,Golden State Warriors,Kentucky,2
476,Golden State Warriors,Louisiana,1
477,Golden State Warriors,Maine,0
478,Golden State Warriors,Maryland,3
479,Golden State Warriors,Massachusetts,2
480,Golden State Warriors,Michigan,3
481,Golden State Warriors,Minnesota,1
482,Golden State Warriors,Mississippi,0
483,Golden State Warriors,Missouri,2
484,Golden State Warriors,Montana,0
485,Golden State Warriors,Nebraska,3
486,Golden State Warriors,Nevada,7
487,Golden State Warriors,New Hampshire,0
488,Golden State Warriors,New Jersey,1
489,Golden State Warriors,New Mexico,4
490,Golden State Warriors,New York,13
491,Golden State Warriors,North Carolina,7
492,Golden State Warriors,North Dakota,0
493,Golden State Warriors,Ohio,6
494,Golden State Warriors,Oklahoma,0
495,Golden State Warriors,Oregon,5
496,Golden State Warriors,Other,169
497,Golden State Warriors,Pennsylvania,6
498,Golden State Warriors,Rhode Island,0
499,Golden State Warriors,South Carolina,3
500,Golden State Warriors,South Dakota,2
501,Golden State Warriors,Tennessee,2
502,Golden State Warriors,Texas,8
503,Golden State Warriors,Utah,2
504,Golden State Warriors,Vermont,1
505,Golden State Warriors,Virginia,3
506,Golden State Warriors,Washington,10
507,Golden State Warriors,West Virginia,0
508,Golden State Warriors,Wisconsin,4
509,Golden State Warriors,Wyoming,0
510,Houston Rockets,Alabama,2
511,Houston Rockets,Alaska,0
512,Houston Rockets,Arizona,1
513,Houston Rockets,Arkansas,0
514,Houston Rockets,California,16
515,Houston Rockets,Colorado,1
516,Houston Rockets,Connecticut,2
517,Houston Rockets,Delaware,0
518,Houston Rockets,Florida,4
519,Houston Rockets,Georgia,2
520,Houston Rockets,Hawaii,1
521,Houston Rockets,Idaho,0
522,Houston Rockets,Illinois,1
523,Houston Rockets,Indiana,1
524,Houston Rockets,Iowa,0
525,Houston Rockets,Kansas,1
526,Houston Rockets,Kentucky,0
527,Houston Rockets,Louisiana,1
528,Houston Rockets,Maine,0
529,Houston Rockets,Maryland,1
530,Houston Rockets,Massachusetts,1
531,Houston Rockets,Michigan,1
532,Houston Rockets,Minnesota,0
533,Houston Rockets,Mississippi,1
534,Houston Rockets,Missouri,2
535,Houston Rockets,Montana,0
536,Houston Rockets,Nebraska,0
537,Houston Rockets,Nevada,0
538,Houston Rockets,New Hampshire,0
539,Houston Rockets,New Jersey,1
540,Houston Rockets,New Mexico,1
541,Houston Rockets,New York,5
542,Houston Rockets,North Carolina,2
543,Houston Rockets,North Dakota,0
544,Houston Rockets,Ohio,0
545,Houston Rockets,Oklahoma,1
546,Houston Rockets,Oregon,2
547,Houston Rockets,Other,82
548,Houston Rockets,Pennsylvania,2
549,Houston Rockets,Rhode Island,1
550,Houston Rockets,South Carolina,0
551,Houston Rockets,South Dakota,1
552,Houston Rockets,Tennessee,1
553,Houston Rockets,Texas,186
554,Houston Rockets,Utah,0
555,Houston Rockets,Vermont,0
556,Houston Rockets,Virginia,7
557,Houston Rockets,Washington,6
558,Houston Rockets,West Virginia,0
559,Houston Rockets,Wisconsin,1
560,Houston Rockets,Wyoming,0
561,Indiana Pacers,Alabama,0
562,Indiana Pacers,Alaska,0
563,Indiana Pacers,Arizona,1
564,Indiana Pacers,Arkansas,0
565,Indiana Pacers,California,4
566,Indiana Pacers,Colorado,1
567,Indiana Pacers,Connecticut,2
568,Indiana Pacers,Delaware,0
569,Indiana Pacers,Florida,3
570,Indiana Pacers,Georgia,2
571,Indiana Pacers,Hawaii,0
572,Indiana Pacers,Idaho,0
573,Indiana Pacers,Illinois,2
574,Indiana Pacers,Indiana,55
575,Indiana Pacers,Iowa,0
576,Indiana Pacers,Kansas,0
577,Indiana Pacers,Kentucky,3
578,Indiana Pacers,Louisiana,0
579,Indiana Pacers,Maine,0
580,Indiana Pacers,Maryland,1
581,Indiana Pacers,Massachusetts,1
582,Indiana Pacers,Michigan,0
583,Indiana Pacers,Minnesota,1
584,Indiana Pacers,Mississippi,1
585,Indiana Pacers,Missouri,1
586,Indiana Pacers,Montana,1
587,Indiana Pacers,Nebraska,2
588,Indiana Pacers,Nevada,0
589,Indiana Pacers,New Hampshire,0
590,Indiana Pacers,New Jersey,1
591,Indiana Pacers,New Mexico,0
592,Indiana Pacers,New York,1
593,Indiana Pacers,North Carolina,0
594,Indiana Pacers,North Dakota,0
595,Indiana Pacers,Ohio,0
596,Indiana Pacers,Oklahoma,0
597,Indiana Pacers,Oregon,1
598,Indiana Pacers,Other,21
599,Indiana Pacers,Pennsylvania,1
600,Indiana Pacers,Rhode Island,0
601,Indiana Pacers,South Carolina,0
602,Indiana Pacers,South Dakota,1
603,Indiana Pacers,Tennessee,1
604,Indiana Pacers,Texas,2
605,Indiana Pacers,Utah,0
606,Indiana Pacers,Vermont,0
607,Indiana Pacers,Virginia,0
608,Indiana Pacers,Washington,1
609,Indiana Pacers,West Virginia,0
610,Indiana Pacers,Wisconsin,0
611,Indiana Pacers,Wyoming,0
612,LA Clippers,Alabama,0
613,LA Clippers,Alaska,0
614,LA Clippers,Arizona,2
615,LA Clippers,Arkansas,0
616,LA Clippers,California,50
617,LA Clippers,Colorado,0
618,LA Clippers,Connecticut,0
619,LA Clippers,Delaware,0
620,LA Clippers,Florida,3
621,LA Clippers,Georgia,1
622,LA Clippers,Hawaii,0
623,LA Clippers,Idaho,0
624,LA Clippers,Illinois,1
625,LA Clippers,Indiana,0
626,LA Clippers,Iowa,0
627,LA Clippers,Kansas,0
628,LA Clippers,Kentucky,2
629,LA Clippers,Louisiana,0
630,LA Clippers,Maine,0
631,LA Clippers,Maryland,1
632,LA Clippers,Massachusetts,0
633,LA Clippers,Michigan,1
634,LA Clippers,Minnesota,0
635,LA Clippers,Mississippi,0
636,LA Clippers,Missouri,1
637,LA Clippers,Montana,0
638,LA Clippers,Nebraska,1
639,LA Clippers,Nevada,0
640,LA Clippers,New Hampshire,0
641,LA Clippers,New Jersey,1
642,LA Clippers,New Mexico,0
643,LA Clippers,New York,2
644,LA Clippers,North Carolina,1
645,LA Clippers,North Dakota,0
646,LA Clippers,Ohio,0
647,LA Clippers,Oklahoma,0
648,LA Clippers,Oregon,1
649,LA Clippers,Other,45
650,LA Clippers,Pennsylvania,0
651,LA Clippers,Rhode Island,0
652,LA Clippers,South Carolina,0
653,LA Clippers,South Dakota,0
654,LA Clippers,Tennessee,0
655,LA Clippers,Texas,3
656,LA Clippers,Utah,0
657,LA Clippers,Vermont,0
658,LA Clippers,Virginia,1
659,LA Clippers,Washington,0
660,LA Clippers,West Virginia,0
661,LA Clippers,Wisconsin,1
662,LA Clippers,Wyoming,0
663,Los Angeles Lakers,Alabama,1
664,Los Angeles Lakers,Alaska,1
665,Los Angeles Lakers,Arizona,1
666,Los Angeles Lakers,Arkansas,0
667,Los Angeles Lakers,California,225
668,Los Angeles Lakers,Colorado,0
669,Los Angeles Lakers,Connecticut,4
670,Los Angeles Lakers,Delaware,0
671,Los Angeles Lakers,Florida,7
672,Los Angeles Lakers,Georgia,0
673,Los Angeles Lakers,Hawaii,4
674,Los Angeles Lakers,Idaho,1
675,Los Angeles Lakers,Illinois,7
676,Los Angeles Lakers,Indiana,5
677,Los Angeles Lakers,Iowa,1
678,Los Angeles Lakers,Kansas,3
679,Los Angeles Lakers,Kentucky,1
680,Los Angeles Lakers,Louisiana,1
681,Los Angeles Lakers,Maine,0
682,Los Angeles Lakers,Maryland,4
683,Los Angeles Lakers,Massachusetts,7
684,Los Angeles Lakers,Michigan,2
685,Los Angeles Lakers,Minnesota,0
686,Los Angeles Lakers,Mississippi,2
687,Los Angeles Lakers,Missouri,2
688,Los Angeles Lakers,Montana,1
689,Los Angeles Lakers,Nebraska,2
690,Los Angeles Lakers,Nevada,3
691,Los Angeles Lakers,New Hampshire,0
692,Los Angeles Lakers,New Jersey,7
693,Los Angeles Lakers,New Mexico,1
694,Los Angeles Lakers,New York,11
695,Los Angeles Lakers,North Carolina,4
696,Los Angeles Lakers,North Dakota,0
697,Los Angeles Lakers,Ohio,1
698,Los Angeles Lakers,Oklahoma,4
699,Los Angeles Lakers,Oregon,1
700,Los Angeles Lakers,Other,151
701,Los Angeles Lakers,Pennsylvania,4
702,Los Angeles Lakers,Rhode Island,0
703,Los Angeles Lakers,South Carolina,2
704,Los Angeles Lakers,South Dakota,0
705,Los Angeles Lakers,Tennessee,1
706,Los Angeles Lakers,Texas,8
707,Los Angeles Lakers,Utah,1
708,Los Angeles Lakers,Vermont,1
709,Los Angeles Lakers,Virginia,3
710,Los Angeles Lakers,Washington,6
711,Los Angeles Lakers,West Virginia,2
712,Los Angeles Lakers,Wisconsin,0
713,Los Angeles Lakers,Wyoming,0
714,Memphis Grizzlies,Alabama,0
715,Memphis Grizzlies,Alaska,0
716,Memphis Grizzlies,Arizona,0
717,Memphis Grizzlies,Arkansas,4
718,Memphis Grizzlies,California,2
719,Memphis Grizzlies,Colorado,0
720,Memphis Grizzlies,Connecticut,0
721,Memphis Grizzlies,Delaware,0
722,Memphis Grizzlies,Florida,2
723,Memphis Grizzlies,Georgia,0
724,Memphis Grizzlies,Hawaii,0
725,Memphis Grizzlies,Idaho,0
726,Memphis Grizzlies,Illinois,0
727,Memphis Grizzlies,Indiana,1
728,Memphis Grizzlies,Iowa,1
729,Memphis Grizzlies,Kansas,0
730,Memphis Grizzlies,Kentucky,0
731,Memphis Grizzlies,Louisiana,0
732,Memphis Grizzlies,Maine,0
733,Memphis Grizzlies,Maryland,1
734,Memphis Grizzlies,Massachusetts,1
735,Memphis Grizzlies,Michigan,0
736,Memphis Grizzlies,Minnesota,0
737,Memphis Grizzlies,Mississippi,4
738,Memphis Grizzlies,Missouri,0
739,Memphis Grizzlies,Montana,0
740,Memphis Grizzlies,Nebraska,0
741,Memphis Grizzlies,Nevada,0
742,Memphis Grizzlies,New Hampshire,0
743,Memphis Grizzlies,New Jersey,2
744,Memphis Grizzlies,New Mexico,0
745,Memphis Grizzlies,New York,2
746,Memphis Grizzlies,North Carolina,0
747,Memphis Grizzlies,North Dakota,0
748,Memphis Grizzlies,Ohio,2
749,Memphis Grizzlies,Oklahoma,0
750,Memphis Grizzlies,Oregon,0
751,Memphis Grizzlies,Other,16
752,Memphis Grizzlies,Pennsylvania,1
753,Memphis Grizzlies,Rhode Island,0
754,Memphis Grizzlies,South Carolina,0
755,Memphis Grizzlies,South Dakota,0
756,Memphis Grizzlies,Tennessee,9
757,Memphis Grizzlies,Texas,1
758,Memphis Grizzlies,Utah,0
759,Memphis Grizzlies,Vermont,1
760,Memphis Grizzlies,Virginia,1
761,Memphis Grizzlies,Washington,0
762,Memphis Grizzlies,West Virginia,0
763,Memphis Grizzlies,Wisconsin,1
764,Memphis Grizzlies,Wyoming,0
765,Miami Heat,Alabama,2
766,Miami Heat,Alaska,0
767,Miami Heat,Arizona,0
768,Miami Heat,Arkansas,1
769,Miami Heat,California,8
770,Miami Heat,Colorado,1
771,Miami Heat,Connecticut,1
772,Miami Heat,Delaware,2
773,Miami Heat,Florida,82
774,Miami Heat,Georgia,3
775,Miami Heat,Hawaii,0
776,Miami Heat,Idaho,0
777,Miami Heat,Illinois,0
778,Miami Heat,Indiana,2
779,Miami Heat,Iowa,1
780,Miami Heat,Kansas,0
781,Miami Heat,Kentucky,1
782,Miami Heat,Louisiana,1
783,Miami Heat,Maine,0
784,Miami Heat,Maryland,1
785,Miami Heat,Massachusetts,1
786,Miami Heat,Michigan,1
787,Miami Heat,Minnesota,0
788,Miami Heat,Mississippi,0
789,Miami Heat,Missouri,0
790,Miami Heat,Montana,0
791,Miami Heat,Nebraska,0
792,Miami Heat,Nevada,0
793,Miami Heat,New Hampshire,0
794,Miami Heat,New Jersey,6
795,Miami Heat,New Mexico,0
796,Miami Heat,New York,9
797,Miami Heat,North Carolina,3
798,Miami Heat,North Dakota,0
799,Miami Heat,Ohio,2
800,Miami Heat,Oklahoma,0
801,Miami Heat,Oregon,0
802,Miami Heat,Other,72
803,Miami Heat,Pennsylvania,3
804,Miami Heat,Rhode Island,0
805,Miami Heat,South Carolina,1
806,Miami Heat,South Dakota,0
807,Miami Heat,Tennessee,1
808,Miami Heat,Texas,1
809,Miami Heat,Utah,1
810,Miami Heat,Vermont,1
811,Miami Heat,Virginia,2
812,Miami Heat,Washington,1
813,Miami Heat,West Virginia,0
814,Miami Heat,Wisconsin,1
815,Miami Heat,Wyoming,0
816,Milwaukee Bucks,Alabama,1
817,Milwaukee Bucks,Alaska,2
818,Milwaukee Bucks,Arizona,0
819,Milwaukee Bucks,Arkansas,0
820,Milwaukee Bucks,California,7
821,Milwaukee Bucks,Colorado,0
822,Milwaukee Bucks,Connecticut,2
823,Milwaukee Bucks,Delaware,0
824,Milwaukee Bucks,Florida,1
825,Milwaukee Bucks,Georgia,3
826,Milwaukee Bucks,Hawaii,0
827,Milwaukee Bucks,Idaho,0
828,Milwaukee Bucks,Illinois,9
829,Milwaukee Bucks,Indiana,1
830,Milwaukee Bucks,Iowa,1
831,Milwaukee Bucks,Kansas,2
832,Milwaukee Bucks,Kentucky,1
833,Milwaukee Bucks,Louisiana,2
834,Milwaukee Bucks,Maine,0
835,Milwaukee Bucks,Maryland,0
836,Milwaukee Bucks,Massachusetts,1
837,Milwaukee Bucks,Michigan,2
838,Milwaukee Bucks,Minnesota,7
839,Milwaukee Bucks,Mississippi,0
840,Milwaukee Bucks,Missouri,2
841,Milwaukee Bucks,Montana,0
842,Milwaukee Bucks,Nebraska,1
843,Milwaukee Bucks,Nevada,0
844,Milwaukee Bucks,New Hampshire,0
845,Milwaukee Bucks,New Jersey,4
846,Milwaukee Bucks,New Mexico,0
847,Milwaukee Bucks,New York,5
848,Milwaukee Bucks,North Carolina,3
849,Milwaukee Bucks,North Dakota,0
850,Milwaukee Bucks,Ohio,2
851,Milwaukee Bucks,Oklahoma,0
852,Milwaukee Bucks,Oregon,1
853,Milwaukee Bucks,Other,48
854,Milwaukee Bucks,Pennsylvania,2
855,Milwaukee Bucks,Rhode Island,0
856,Milwaukee Bucks,South Carolina,0
857,Milwaukee Bucks,South Dakota,0
858,Milwaukee Bucks,Tennessee,1
859,Milwaukee Bucks,Texas,1
860,Milwaukee Bucks,Utah,1
861,Milwaukee Bucks,Vermont,1
862,Milwaukee Bucks,Virginia,5
863,Milwaukee Bucks,Washington,3
864,Milwaukee Bucks,West Virginia,0
865,Milwaukee Bucks,Wisconsin,110
866,Milwaukee Bucks,Wyoming,0
867,Minnesota Timberwolves,Alabama,1
868,Minnesota Timberwolves,Alaska,2
869,Minnesota Timberwolves,Arizona,0
870,Minnesota Timberwolves,Arkansas,0
871,Minnesota Timberwolves,California,11
872,Minnesota Timberwolves,Colorado,2
873,Minnesota Timberwolves,Connecticut,2
874,Minnesota Timberwolves,Delaware,0
875,Minnesota Timberwolves,Florida,5
876,Minnesota Timberwolves,Georgia,1
877,Minnesota Timberwolves,Hawaii,0
878,Minnesota Timberwolves,Idaho,0
879,Minnesota Timberwolves,Illinois,2
880,Minnesota Timberwolves,Indiana,0
881,Minnesota Timberwolves,Iowa,3
882,Minnesota Timberwolves,Kansas,1
883,Minnesota Timberwolves,Kentucky,3
884,Minnesota Timberwolves,Louisiana,0
885,Minnesota Timberwolves,Maine,0
886,Minnesota Timberwolves,Maryland,2
887,Minnesota Timberwolves,Massachusetts,0
888,Minnesota Timberwolves,Michigan,1
889,Minnesota Timberwolves,Minnesota,95
890,Minnesota Timberwolves,Mississippi,0
891,Minnesota Timberwolves,Missouri,3
892,Minnesota Timberwolves,Montana,0
893,Minnesota Timberwolves,Nebraska,4
894,Minnesota Timberwolves,Nevada,0
895,Minnesota Timberwolves,New Hampshire,0
896,Minnesota Timberwolves,New Jersey,4
897,Minnesota Timberwolves,New Mexico,0
898,Minnesota Timberwolves,New York,5
899,Minnesota Timberwolves,North Carolina,1
900,Minnesota Timberwolves,North Dakota,2
901,Minnesota Timberwolves,Ohio,0
902,Minnesota Timberwolves,Oklahoma,0
903,Minnesota Timberwolves,Oregon,1
904,Minnesota Timberwolves,Other,87
905,Minnesota Timberwolves,Pennsylvania,2
906,Minnesota Timberwolves,Rhode Island,0
907,Minnesota Timberwolves,South Carolina,0
908,Minnesota Timberwolves,South Dakota,1
909,Minnesota Timberwolves,Tennessee,2
910,Minnesota Timberwolves,Texas,3
911,Minnesota Timberwolves,Utah,1
912,Minnesota Timberwolves,Vermont,0
913,Minnesota Timberwolves,Virginia,1
914,Minnesota Timberwolves,Washington,5
915,Minnesota Timberwolves,West Virginia,0
916,Minnesota Timberwolves,Wisconsin,2
917,Minnesota Timberwolves,Wyoming,0
918,New Orleans Pelicans,Alabama,0
919,New Orleans Pelicans,Alaska,1
920,New Orleans Pelicans,Arizona,0
921,New Orleans Pelicans,Arkansas,0
922,New Orleans Pelicans,California,1
923,New Orleans Pelicans,Colorado,0
924,New Orleans Pelicans,Connecticut,0
925,New Orleans Pelicans,Delaware,0
926,New Orleans Pelicans,Florida,0
927,New Orleans Pelicans,Georgia,2
928,New Orleans Pelicans,Hawaii,0
929,New Orleans Pelicans,Idaho,0
930,New Orleans Pelicans,Illinois,1
931,New Orleans Pelicans,Indiana,0
932,New Orleans Pelicans,Iowa,0
933,New Orleans Pelicans,Kansas,0
934,New Orleans Pelicans,Kentucky,1
935,New Orleans Pelicans,Louisiana,19
936,New Orleans Pelicans,Maine,0
937,New Orleans Pelicans,Maryland,1
938,New Orleans Pelicans,Massachusetts,0
939,New Orleans Pelicans,Michigan,0
940,New Orleans Pelicans,Minnesota,0
941,New Orleans Pelicans,Mississippi,3
942,New Orleans Pelicans,Missouri,0
943,New Orleans Pelicans,Montana,0
944,New Orleans Pelicans,Nebraska,0
945,New Orleans Pelicans,Nevada,0
946,New Orleans Pelicans,New Hampshire,0
947,New Orleans Pelicans,New Jersey,2
948,New Orleans Pelicans,New Mexico,0
949,New Orleans Pelicans,New York,3
950,New Orleans Pelicans,North Carolina,0
951,New Orleans Pelicans,North Dakota,0
952,New Orleans Pelicans,Ohio,1
953,New Orleans Pelicans,Oklahoma,0
954,New Orleans Pelicans,Oregon,0
955,New Orleans Pelicans,Other,10
956,New Orleans Pelicans,Pennsylvania,0
957,New Orleans Pelicans,Rhode Island,1
958,New Orleans Pelicans,South Carolina,0
959,New Orleans Pelicans,South Dakota,0
960,New Orleans Pelicans,Tennessee,1
961,New Orleans Pelicans,Texas,4
962,New Orleans Pelicans,Utah,0
963,New Orleans Pelicans,Vermont,0
964,New Orleans Pelicans,Virginia,0
965,New Orleans Pelicans,Washington,0
966,New Orleans Pelicans,West Virginia,0
967,New Orleans Pelicans,Wisconsin,0
968,New Orleans Pelicans,Wyoming,0
969,New York Knicks,Alabama,3
970,New York Knicks,Alaska,1
971,New York Knicks,Arizona,1
972,New York Knicks,Arkansas,0
973,New York Knicks,California,10
974,New York Knicks,Colorado,1
975,New York Knicks,Connecticut,9
976,New York Knicks,Delaware,0
977,New York Knicks,Florida,6
978,New York Knicks,Georgia,3
979,New York Knicks,Hawaii,1
980,New York Knicks,Idaho,0
981,New York Knicks,Illinois,2
982,New York Knicks,Indiana,0
983,New York Knicks,Iowa,2
984,New York Knicks,Kansas,1
985,New York Knicks,Kentucky,0
986,New York Knicks,Louisiana,2
987,New York Knicks,Maine,0
988,New York Knicks,Maryland,3
989,New York Knicks,Massachusetts,2
990,New York Knicks,Michigan,0
991,New York Knicks,Minnesota,0
992,New York Knicks,Mississippi,0
993,New York Knicks,Missouri,1
994,New York Knicks,Montana,0
995,New York Knicks,Nebraska,0
996,New York Knicks,Nevada,1
997,New York Knicks,New Hampshire,1
998,New York Knicks,New Jersey,31
999,New York Knicks,New Mexico,0
1000,New York Knicks,New York,139
1001,New York Knicks,North Carolina,1
1002,New York Knicks,North Dakota,0
1003,New York Knicks,Ohio,1
1004,New York Knicks,Oklahoma,0
1005,New York Knicks,Oregon,0
1006,New York Knicks,Other,77
1007,New York Knicks,Pennsylvania,6
1008,New York Knicks,Rhode Island,0
1009,New York Knicks,South Carolina,1
1010,New York Knicks,South Dakota,0
1011,New York Knicks,Tennessee,1
1012,New York Knicks,Texas,5
1013,New York Knicks,Utah,0
1014,New York Knicks,Vermont,1
1015,New York Knicks,Virginia,3
1016,New York Knicks,Washington,1
1017,New York Knicks,West Virginia,1
1018,New York Knicks,Wisconsin,0
1019,New York Knicks,Wyoming,0
1020,Oklahoma City Thunder,Alabama,6
1021,Oklahoma City Thunder,Alaska,0
1022,Oklahoma City Thunder,Arizona,1
1023,Oklahoma City Thunder,Arkansas,6
1024,Oklahoma City Thunder,California,25
1025,Oklahoma City Thunder,Colorado,6
1026,Oklahoma City Thunder,Connecticut,4
1027,Oklahoma City Thunder,Delaware,1
1028,Oklahoma City Thunder,Florida,9
1029,Oklahoma City Thunder,Georgia,8
1030,Oklahoma City Thunder,Hawaii,0
1031,Oklahoma City Thunder,Idaho,0
1032,Oklahoma City Thunder,Illinois,4
1033,Oklahoma City Thunder,Indiana,4
1034,Oklahoma City Thunder,Iowa,1
1035,Oklahoma City Thunder,Kansas,12
1036,Oklahoma City Thunder,Kentucky,5
1037,Oklahoma City Thunder,Louisiana,2
1038,Oklahoma City Thunder,Maine,1
1039,Oklahoma City Thunder,Maryland,3
1040,Oklahoma City Thunder,Massachusetts,3
1041,Oklahoma City Thunder,Michigan,4
1042,Oklahoma City Thunder,Minnesota,1
1043,Oklahoma City Thunder,Mississippi,0
1044,Oklahoma City Thunder,Missouri,7
1045,Oklahoma City Thunder,Montana,1
1046,Oklahoma City Thunder,Nebraska,5
1047,Oklahoma City Thunder,Nevada,2
1048,Oklahoma City Thunder,New Hampshire,0
1049,Oklahoma City Thunder,New Jersey,9
1050,Oklahoma City Thunder,New Mexico,2
1051,Oklahoma City Thunder,New York,19
1052,Oklahoma City Thunder,North Carolina,6
1053,Oklahoma City Thunder,North Dakota,0
1054,Oklahoma City Thunder,Ohio,3
1055,Oklahoma City Thunder,Oklahoma,141
1056,Oklahoma City Thunder,Oregon,3
1057,Oklahoma City Thunder,Other,196
1058,Oklahoma City Thunder,Pennsylvania,13
1059,Oklahoma City Thunder,Rhode Island,1
1060,Oklahoma City Thunder,South Carolina,2
1061,Oklahoma City Thunder,South Dakota,1
1062,Oklahoma City Thunder,Tennessee,6
1063,Oklahoma City Thunder,Texas,29
1064,Oklahoma City Thunder,Utah,0
1065,Oklahoma City Thunder,Vermont,0
1066,Oklahoma City Thunder,Virginia,11
1067,Oklahoma City Thunder,Washington,4
1068,Oklahoma City Thunder,West Virginia,2
1069,Oklahoma City Thunder,Wisconsin,2
1070,Oklahoma City Thunder,Wyoming,3
1071,Orlando Magic,Alabama,0
1072,Orlando Magic,Alaska,1
1073,Orlando Magic,Arizona,0
1074,Orlando Magic,Arkansas,0
1075,Orlando Magic,California,0
1076,Orlando Magic,Colorado,0
1077,Orlando Magic,Connecticut,1
1078,Orlando Magic,Delaware,0
1079,Orlando Magic,Florida,30
1080,Orlando Magic,Georgia,0
1081,Orlando Magic,Hawaii,0
1082,Orlando Magic,Idaho,0
1083,Orlando Magic,Illinois,0
1084,Orlando Magic,Indiana,1
1085,Orlando Magic,Iowa,0
1086,Orlando Magic,Kansas,0
1087,Orlando Magic,Kentucky,0
1088,Orlando Magic,Louisiana,0
1089,Orlando Magic,Maine,0
1090,Orlando Magic,Maryland,0
1091,Orlando Magic,Massachusetts,1
1092,Orlando Magic,Michigan,1
1093,Orlando Magic,Minnesota,0
1094,Orlando Magic,Mississippi,1
1095,Orlando Magic,Missouri,0
1096,Orlando Magic,Montana,0
1097,Orlando Magic,Nebraska,0
1098,Orlando Magic,Nevada,0
1099,Orlando Magic,New Hampshire,0
1100,Orlando Magic,New Jersey,0
1101,Orlando Magic,New Mexico,0
1102,Orlando Magic,New York,1
1103,Orlando Magic,North Carolina,0
1104,Orlando Magic,North Dakota,0
1105,Orlando Magic,Ohio,0
1106,Orlando Magic,Oklahoma,0
1107,Orlando Magic,Oregon,0
1108,Orlando Magic,Other,13
1109,Orlando Magic,Pennsylvania,0
1110,Orlando Magic,Rhode Island,0
1111,Orlando Magic,South Carolina,1
1112,Orlando Magic,South Dakota,0
1113,Orlando Magic,Tennessee,0
1114,Orlando Magic,Texas,1
1115,Orlando Magic,Utah,0
1116,Orlando Magic,Vermont,0
1117,Orlando Magic,Virginia,1
1118,Orlando Magic,Washington,0
1119,Orlando Magic,West Virginia,0
1120,Orlando Magic,Wisconsin,0
1121,Orlando Magic,Wyoming,0
1122,Other,Alabama,1
1123,Other,Alaska,0
1124,Other,Arizona,2
1125,Other,Arkansas,0
1126,Other,California,10
1127,Other,Colorado,1
1128,Other,Connecticut,1
1129,Other,Delaware,0
1130,Other,Florida,2
1131,Other,Georgia,1
1132,Other,Hawaii,0
1133,Other,Idaho,0
1134,Other,Illinois,4
1135,Other,Indiana,2
1136,Other,Iowa,0
1137,Other,Kansas,4
1138,Other,Kentucky,2
1139,Other,Louisiana,1
1140,Other,Maine,0
1141,Other,Maryland,3
1142,Other,Massachusetts,0
1143,Other,Michigan,1
1144,Other,Minnesota,1
1145,Other,Mississippi,1
1146,Other,Missouri,1
1147,Other,Montana,1
1148,Other,Nebraska,2
1149,Other,Nevada,1
1150,Other,New Hampshire,1
1151,Other,New Jersey,3
1152,Other,New Mexico,0
1153,Other,New York,9
1154,Other,North Carolina,3
1155,Other,North Dakota,0
1156,Other,Ohio,2
1157,Other,Oklahoma,3
1158,Other,Oregon,1
1159,Other,Other,117
1160,Other,Pennsylvania,3
1161,Other,Rhode Island,1
1162,Other,South Carolina,0
1163,Other,South Dakota,0
1164,Other,Tennessee,0
1165,Other,Texas,5
1166,Other,Utah,0
1167,Other,Vermont,0
1168,Other,Virginia,4
1169,Other,Washington,3
1170,Other,West Virginia,0
1171,Other,Wisconsin,0
1172,Other,Wyoming,1
1173,Philadelphia 76ers,Alabama,0
1174,Philadelphia 76ers,Alaska,0
1175,Philadelphia 76ers,Arizona,1
1176,Philadelphia 76ers,Arkansas,1
1177,Philadelphia 76ers,California,5
1178,Philadelphia 76ers,Colorado,2
1179,Philadelphia 76ers,Connecticut,2
1180,Philadelphia 76ers,Delaware,3
1181,Philadelphia 76ers,Florida,6
1182,Philadelphia 76ers,Georgia,2
1183,Philadelphia 76ers,Hawaii,2
1184,Philadelphia 76ers,Idaho,1
1185,Philadelphia 76ers,Illinois,0
1186,Philadelphia 76ers,Indiana,0
1187,Philadelphia 76ers,Iowa,1
1188,Philadelphia 76ers,Kansas,0
1189,Philadelphia 76ers,Kentucky,1
1190,Philadelphia 76ers,Louisiana,1
1191,Philadelphia 76ers,Maine,0
1192,Philadelphia 76ers,Maryland,1
1193,Philadelphia 76ers,Massachusetts,0
1194,Philadelphia 76ers,Michigan,0
1195,Philadelphia 76ers,Minnesota,0
1196,Philadelphia 76ers,Mississippi,1
1197,Philadelphia 76ers,Missouri,0
1198,Philadelphia 76ers,Montana,0
1199,Philadelphia 76ers,Nebraska,1
1200,Philadelphia 76ers,Nevada,0
1201,Philadelphia 76ers,New Hampshire,1
1202,Philadelphia 76ers,New Jersey,27
1203,Philadelphia 76ers,New Mexico,0
1204,Philadelphia 76ers,New York,5
1205,Philadelphia 76ers,North Carolina,6
1206,Philadelphia 76ers,North Dakota,0
1207,Philadelphia 76ers,Ohio,2
1208,Philadelphia 76ers,Oklahoma,1
1209,Philadelphia 76ers,Oregon,0
1210,Philadelphia 76ers,Other,71
1211,Philadelphia 76ers,Pennsylvania,107
1212,Philadelphia 76ers,Rhode Island,0
1213,Philadelphia 76ers,South Carolina,1
1214,Philadelphia 76ers,South Dakota,0
1215,Philadelphia 76ers,Tennessee,1
1216,Philadelphia 76ers,Texas,3
1217,Philadelphia 76ers,Utah,0
1218,Philadelphia 76ers,Vermont,0
1219,Philadelphia 76ers,Virginia,4
1220,Philadelphia 76ers,Washington,1
1221,Philadelphia 76ers,West Virginia,0
1222,Philadelphia 76ers,Wisconsin,0
1223,Philadelphia 76ers,Wyoming,0
1224,Phoenix Suns,Alabama,0
1225,Phoenix Suns,Alaska,0
1226,Phoenix Suns,Arizona,52
1227,Phoenix Suns,Arkansas,1
1228,Phoenix Suns,California,4
1229,Phoenix Suns,Colorado,0
1230,Phoenix Suns,Connecticut,0
1231,Phoenix Suns,Delaware,0
1232,Phoenix Suns,Florida,0
1233,Phoenix Suns,Georgia,0
1234,Phoenix Suns,Hawaii,0
1235,Phoenix Suns,Idaho,0
1236,Phoenix Suns,Illinois,1
1237,Phoenix Suns,Indiana,1
1238,Phoenix Suns,Iowa,2
1239,Phoenix Suns,Kansas,0
1240,Phoenix Suns,Kentucky,1
1241,Phoenix Suns,Louisiana,0
1242,Phoenix Suns,Maine,0
1243,Phoenix Suns,Maryland,0
1244,Phoenix Suns,Massachusetts,1
1245,Phoenix Suns,Michigan,0
1246,Phoenix Suns,Minnesota,0
1247,Phoenix Suns,Mississippi,0
1248,Phoenix Suns,Missouri,0
1249,Phoenix Suns,Montana,0
1250,Phoenix Suns,Nebraska,0
1251,Phoenix Suns,Nevada,1
1252,Phoenix Suns,New Hampshire,0
1253,Phoenix Suns,New Jersey,0
1254,Phoenix Suns,New Mexico,1
1255,Phoenix Suns,New York,1
1256,Phoenix Suns,North Carolina,1
1257,Phoenix Suns,North Dakota,0
1258,Phoenix Suns,Ohio,1
1259,Phoenix Suns,Oklahoma,0
1260,Phoenix Suns,Oregon,1
1261,Phoenix Suns,Other,27
1262,Phoenix Suns,Pennsylvania,2
1263,Phoenix Suns,Rhode Island,0
1264,Phoenix Suns,South Carolina,0
1265,Phoenix Suns,South Dakota,0
1266,Phoenix Suns,Tennessee,0
1267,Phoenix Suns,Texas,4
1268,Phoenix Suns,Utah,2
1269,Phoenix Suns,Vermont,0
1270,Phoenix Suns,Virginia,0
1271,Phoenix Suns,Washington,3
1272,Phoenix Suns,West Virginia,1
1273,Phoenix Suns,Wisconsin,0
1274,Phoenix Suns,Wyoming,0
1275,Portland Trail Blazers,Alabama,1
1276,Portland Trail Blazers,Alaska,2
1277,Portland Trail Blazers,Arizona,0
1278,Portland Trail Blazers,Arkansas,0
1279,Portland Trail Blazers,California,13
1280,Portland Trail Blazers,Colorado,1
1281,Portland Trail Blazers,Connecticut,0
1282,Portland Trail Blazers,Delaware,0
1283,Portland Trail Blazers,Florida,0
1284,Portland Trail Blazers,Georgia,0
1285,Portland Trail Blazers,Hawaii,0
1286,Portland Trail Blazers,Idaho,0
1287,Portland Trail Blazers,Illinois,1
1288,Portland Trail Blazers,Indiana,2
1289,Portland Trail Blazers,Iowa,0
1290,Portland Trail Blazers,Kansas,1
1291,Portland Trail Blazers,Kentucky,0
1292,Portland Trail Blazers,Louisiana,0
1293,Portland Trail Blazers,Maine,0
1294,Portland Trail Blazers,Maryland,1
1295,Portland Trail Blazers,Massachusetts,1
1296,Portland Trail Blazers,Michigan,0
1297,Portland Trail Blazers,Minnesota,0
1298,Portland Trail Blazers,Mississippi,0
1299,Portland Trail Blazers,Missouri,1
1300,Portland Trail Blazers,Montana,1
1301,Portland Trail Blazers,Nebraska,3
1302,Portland Trail Blazers,Nevada,1
1303,Portland Trail Blazers,New Hampshire,0
1304,Portland Trail Blazers,New Jersey,0
1305,Portland Trail Blazers,New Mexico,0
1306,Portland Trail Blazers,New York,1
1307,Portland Trail Blazers,North Carolina,1
1308,Portland Trail Blazers,North Dakota,0
1309,Portland Trail Blazers,Ohio,1
1310,Portland Trail Blazers,Oklahoma,0
1311,Portland Trail Blazers,Oregon,95
1312,Portland Trail Blazers,Other,43
1313,Portland Trail Blazers,Pennsylvania,1
1314,Portland Trail Blazers,Rhode Island,0
1315,Portland Trail Blazers,South Carolina,2
1316,Portland Trail Blazers,South Dakota,1
1317,Portland Trail Blazers,Tennessee,1
1318,Portland Trail Blazers,Texas,3
1319,Portland Trail Blazers,Utah,1
1320,Portland Trail Blazers,Vermont,0
1321,Portland Trail Blazers,Virginia,2
1322,Portland Trail Blazers,Washington,23
1323,Portland Trail Blazers,West Virginia,0
1324,Portland Trail Blazers,Wisconsin,0
1325,Portland Trail Blazers,Wyoming,0
1326,Sacramento Kings,Alabama,0
1327,Sacramento Kings,Alaska,0
1328,Sacramento Kings,Arizona,0
1329,Sacramento Kings,Arkansas,1
1330,Sacramento Kings,California,65
1331,Sacramento Kings,Colorado,1
1332,Sacramento Kings,Connecticut,1
1333,Sacramento Kings,Delaware,0
1334,Sacramento Kings,Florida,0
1335,Sacramento Kings,Georgia,1
1336,Sacramento Kings,Hawaii,0
1337,Sacramento Kings,Idaho,0
1338,Sacramento Kings,Illinois,0
1339,Sacramento Kings,Indiana,1
1340,Sacramento Kings,Iowa,0
1341,Sacramento Kings,Kansas,0
1342,Sacramento Kings,Kentucky,0
1343,Sacramento Kings,Louisiana,0
1344,Sacramento Kings,Maine,0
1345,Sacramento Kings,Maryland,0
1346,Sacramento Kings,Massachusetts,1
1347,Sacramento Kings,Michigan,0
1348,Sacramento Kings,Minnesota,1
1349,Sacramento Kings,Mississippi,0
1350,Sacramento Kings,Missouri,0
1351,Sacramento Kings,Montana,0
1352,Sacramento Kings,Nebraska,0
1353,Sacramento Kings,Nevada,0
1354,Sacramento Kings,New Hampshire,0
1355,Sacramento Kings,New Jersey,0
1356,Sacramento Kings,New Mexico,0
1357,Sacramento Kings,New York,0
1358,Sacramento Kings,North Carolina,1
1359,Sacramento Kings,North Dakota,0
1360,Sacramento Kings,Ohio,1
1361,Sacramento Kings,Oklahoma,0
1362,Sacramento Kings,Oregon,2
1363,Sacramento Kings,Other,10
1364,Sacramento Kings,Pennsylvania,1
1365,Sacramento Kings,Rhode Island,1
1366,Sacramento Kings,South Carolina,0
1367,Sacramento Kings,South Dakota,0
1368,Sacramento Kings,Tennessee,0
1369,Sacramento Kings,Texas,0
1370,Sacramento Kings,Utah,1
1371,Sacramento Kings,Vermont,0
1372,Sacramento Kings,Virginia,2
1373,Sacramento Kings,Washington,1
1374,Sacramento Kings,West Virginia,0
1375,Sacramento Kings,Wisconsin,0
1376,Sacramento Kings,Wyoming,0
1377,San Antonio Spurs,Alabama,3
1378,San Antonio Spurs,Alaska,1
1379,San Antonio Spurs,Arizona,1
1380,San Antonio Spurs,Arkansas,3
1381,San Antonio Spurs,California,17
1382,San Antonio Spurs,Colorado,4
1383,San Antonio Spurs,Connecticut,6
1384,San Antonio Spurs,Delaware,1
1385,San Antonio Spurs,Florida,2
1386,San Antonio Spurs,Georgia,3
1387,San Antonio Spurs,Hawaii,0
1388,San Antonio Spurs,Idaho,0
1389,San Antonio Spurs,Illinois,3
1390,San Antonio Spurs,Indiana,2
1391,San Antonio Spurs,Iowa,0
1392,San Antonio Spurs,Kansas,3
1393,San Antonio Spurs,Kentucky,1
1394,San Antonio Spurs,Louisiana,1
1395,San Antonio Spurs,Maine,0
1396,San Antonio Spurs,Maryland,3
1397,San Antonio Spurs,Massachusetts,2
1398,San Antonio Spurs,Michigan,1
1399,San Antonio Spurs,Minnesota,0
1400,San Antonio Spurs,Mississippi,0
1401,San Antonio Spurs,Missouri,4
1402,San Antonio Spurs,Montana,0
1403,San Antonio Spurs,Nebraska,3
1404,San Antonio Spurs,Nevada,3
1405,San Antonio Spurs,New Hampshire,0
1406,San Antonio Spurs,New Jersey,4
1407,San Antonio Spurs,New Mexico,1
1408,San Antonio Spurs,New York,11
1409,San Antonio Spurs,North Carolina,6
1410,San Antonio Spurs,North Dakota,1
1411,San Antonio Spurs,Ohio,4
1412,San Antonio Spurs,Oklahoma,3
1413,San Antonio Spurs,Oregon,4
1414,San Antonio Spurs,Other,153
1415,San Antonio Spurs,Pennsylvania,5
1416,San Antonio Spurs,Rhode Island,0
1417,San Antonio Spurs,South Carolina,1
1418,San Antonio Spurs,South Dakota,1
1419,San Antonio Spurs,Tennessee,3
1420,San Antonio Spurs,Texas,125
1421,San Antonio Spurs,Utah,4
1422,San Antonio Spurs,Vermont,0
1423,San Antonio Spurs,Virginia,1
1424,San Antonio Spurs,Washington,6
1425,San Antonio Spurs,West Virginia,0
1426,San Antonio Spurs,Wisconsin,0
1427,San Antonio Spurs,Wyoming,1
1428,Seattle Super Sonics,Alabama,1
1429,Seattle Super Sonics,Alaska,0
1430,Seattle Super Sonics,Arizona,1
1431,Seattle Super Sonics,Arkansas,0
1432,Seattle Super Sonics,California,4
1433,Seattle Super Sonics,Colorado,0
1434,Seattle Super Sonics,Connecticut,0
1435,Seattle Super Sonics,Delaware,0
1436,Seattle Super Sonics,Florida,0
1437,Seattle Super Sonics,Georgia,0
1438,Seattle Super Sonics,Hawaii,0
1439,Seattle Super Sonics,Idaho,1
1440,Seattle Super Sonics,Illinois,0
1441,Seattle Super Sonics,Indiana,0
1442,Seattle Super Sonics,Iowa,1
1443,Seattle Super Sonics,Kansas,0
1444,Seattle Super Sonics,Kentucky,0
1445,Seattle Super Sonics,Louisiana,1
1446,Seattle Super Sonics,Maine,0
1447,Seattle Super Sonics,Maryland,1
1448,Seattle Super Sonics,Massachusetts,1
1449,Seattle Super Sonics,Michigan,1
1450,Seattle Super Sonics,Minnesota,1
1451,Seattle Super Sonics,Mississippi,0
1452,Seattle Super Sonics,Missouri,1
1453,Seattle Super Sonics,Montana,0
1454,Seattle Super Sonics,Nebraska,1
1455,Seattle Super Sonics,Nevada,0
1456,Seattle Super Sonics,New Hampshire,0
1457,Seattle Super Sonics,New Jersey,0
1458,Seattle Super Sonics,New Mexico,1
1459,Seattle Super Sonics,New York,1
1460,Seattle Super Sonics,North Carolina,0
1461,Seattle Super Sonics,North Dakota,0
1462,Seattle Super Sonics,Ohio,1
1463,Seattle Super Sonics,Oklahoma,0
1464,Seattle Super Sonics,Oregon,2
1465,Seattle Super Sonics,Other,22
1466,Seattle Super Sonics,Pennsylvania,0
1467,Seattle Super Sonics,Rhode Island,0
1468,Seattle Super Sonics,South Carolina,2
1469,Seattle Super Sonics,South Dakota,0
1470,Seattle Super Sonics,Tennessee,1
1471,Seattle Super Sonics,Texas,0
1472,Seattle Super Sonics,Utah,1
1473,Seattle Super Sonics,Vermont,1
1474,Seattle Super Sonics,Virginia,2
1475,Seattle Super Sonics,Washington,34
1476,Seattle Super Sonics,West Virginia,0
1477,Seattle Super Sonics,Wisconsin,1
1478,Seattle Super Sonics,Wyoming,1
1479,Toronto Raptors,Alabama,0
1480,Toronto Raptors,Alaska,0
1481,Toronto Raptors,Arizona,0
1482,Toronto Raptors,Arkansas,0
1483,Toronto Raptors,California,7
1484,Toronto Raptors,Colorado,2
1485,Toronto Raptors,Connecticut,1
1486,Toronto Raptors,Delaware,1
1487,Toronto Raptors,Florida,2
1488,Toronto Raptors,Georgia,0
1489,Toronto Raptors,Hawaii,0
1490,Toronto Raptors,Idaho,0
1491,Toronto Raptors,Illinois,1
1492,Toronto Raptors,Indiana,4
1493,Toronto Raptors,Iowa,0
1494,Toronto Raptors,Kansas,0
1495,Toronto Raptors,Kentucky,1
1496,Toronto Raptors,Louisiana,1
1497,Toronto Raptors,Maine,0
1498,Toronto Raptors,Maryland,1
1499,Toronto Raptors,Massachusetts,0
1500,Toronto Raptors,Michigan,1
1501,Toronto Raptors,Minnesota,0
1502,Toronto Raptors,Mississippi,0
1503,Toronto Raptors,Missouri,0
1504,Toronto Raptors,Montana,0
1505,Toronto Raptors,Nebraska,0
1506,Toronto Raptors,Nevada,0
1507,Toronto Raptors,New Hampshire,0
1508,Toronto Raptors,New Jersey,0
1509,Toronto Raptors,New Mexico,0
1510,Toronto Raptors,New York,7
1511,Toronto Raptors,North Carolina,2
1512,Toronto Raptors,North Dakota,0
1513,Toronto Raptors,Ohio,0
1514,Toronto Raptors,Oklahoma,0
1515,Toronto Raptors,Oregon,0
1516,Toronto Raptors,Other,458
1517,Toronto Raptors,Pennsylvania,0
1518,Toronto Raptors,Rhode Island,0
1519,Toronto Raptors,South Carolina,0
1520,Toronto Raptors,South Dakota,0
1521,Toronto Raptors,Tennessee,3
1522,Toronto Raptors,Texas,1
1523,Toronto Raptors,Utah,0
1524,Toronto Raptors,Vermont,1
1525,Toronto Raptors,Virginia,3
1526,Toronto Raptors,Washington,1
1527,Toronto Raptors,West Virginia,0
1528,Toronto Raptors,Wisconsin,0
1529,Toronto Raptors,Wyoming,1
1530,Utah Jazz,Alabama,1
1531,Utah Jazz,Alaska,1
1532,Utah Jazz,Arizona,1
1533,Utah Jazz,Arkansas,0
1534,Utah Jazz,California,8
1535,Utah Jazz,Colorado,1
1536,Utah Jazz,Connecticut,0
1537,Utah Jazz,Delaware,1
1538,Utah Jazz,Florida,4
1539,Utah Jazz,Georgia,1
1540,Utah Jazz,Hawaii,1
1541,Utah Jazz,Idaho,7
1542,Utah Jazz,Illinois,3
1543,Utah Jazz,Indiana,0
1544,Utah Jazz,Iowa,1
1545,Utah Jazz,Kansas,0
1546,Utah Jazz,Kentucky,2
1547,Utah Jazz,Louisiana,0
1548,Utah Jazz,Maine,0
1549,Utah Jazz,Maryland,0
1550,Utah Jazz,Massachusetts,0
1551,Utah Jazz,Michigan,2
1552,Utah Jazz,Minnesota,0
1553,Utah Jazz,Mississippi,0
1554,Utah Jazz,Missouri,2
1555,Utah Jazz,Montana,1
1556,Utah Jazz,Nebraska,2
1557,Utah Jazz,Nevada,4
1558,Utah Jazz,New Hampshire,0
1559,Utah Jazz,New Jersey,3
1560,Utah Jazz,New Mexico,0
1561,Utah Jazz,New York,1
1562,Utah Jazz,North Carolina,0
1563,Utah Jazz,North Dakota,0
1564,Utah Jazz,Ohio,0
1565,Utah Jazz,Oklahoma,0
1566,Utah Jazz,Oregon,1
1567,Utah Jazz,Other,37
1568,Utah Jazz,Pennsylvania,2
1569,Utah Jazz,Rhode Island,0
1570,Utah Jazz,South Carolina,1
1571,Utah Jazz,South Dakota,1
1572,Utah Jazz,Tennessee,1
1573,Utah Jazz,Texas,4
1574,Utah Jazz,Utah,114
1575,Utah Jazz,Vermont,0
1576,Utah Jazz,Virginia,0
1577,Utah Jazz,Washington,5
1578,Utah Jazz,West Virginia,0
1579,Utah Jazz,Wisconsin,1
1580,Utah Jazz,Wyoming,0
1581,Washington Wizards,Alabama,1
1582,Washington Wizards,Alaska,0
1583,Washington Wizards,Arizona,1
1584,Washington Wizards,Arkansas,0
1585,Washington Wizards,California,8
1586,Washington Wizards,Colorado,0
1587,Washington Wizards,Connecticut,1
1588,Washington Wizards,Delaware,0
1589,Washington Wizards,Florida,2
1590,Washington Wizards,Georgia,0
1591,Washington Wizards,Hawaii,0
1592,Washington Wizards,Idaho,1
1593,Washington Wizards,Illinois,1
1594,Washington Wizards,Indiana,0
1595,Washington Wizards,Iowa,0
1596,Washington Wizards,Kansas,0
1597,Washington Wizards,Kentucky,1
1598,Washington Wizards,Louisiana,2
1599,Washington Wizards,Maine,0
1600,Washington Wizards,Maryland,42
1601,Washington Wizards,Massachusetts,0
1602,Washington Wizards,Michigan,0
1603,Washington Wizards,Minnesota,0
1604,Washington Wizards,Mississippi,0
1605,Washington Wizards,Missouri,0
1606,Washington Wizards,Montana,0
1607,Washington Wizards,Nebraska,0
1608,Washington Wizards,Nevada,0
1609,Washington Wizards,New Hampshire,0
1610,Washington Wizards,New Jersey,2
1611,Washington Wizards,New Mexico,0
1612,Washington Wizards,New York,2
1613,Washington Wizards,North Carolina,3
1614,Washington Wizards,North Dakota,0
1615,Washington Wizards,Ohio,1
1616,Washington Wizards,Oklahoma,0
1617,Washington Wizards,Oregon,1
1618,Washington Wizards,Other,31
1619,Washington Wizards,Pennsylvania,1
1620,Washington Wizards,Rhode Island,0
1621,Washington Wizards,South Carolina,1
1622,Washington Wizards,South Dakota,0
1623,Washington Wizards,Tennessee,2
1624,Washington Wizards,Texas,2
1625,Washington Wizards,Utah,1
1626,Washington Wizards,Vermont,0
1627,Washington Wizards,Virginia,52
1628,Washington Wizards,Washington,1
1629,Washington Wizards,West Virginia,3
1630,Washington Wizards,Wisconsin,0
1631,Washington Wizards,Wyoming,0
